{
  "minecraft:recipes/tools/fishing_rod": {
    "criteria": {
      "has_string": "2021-08-28 23:01:15 -0500"
    },
    "done": true
  },
  "minecraft:recipes/decorations/candle": {
    "criteria": {
      "has_string": "2021-08-28 23:01:15 -0500"
    },
    "done": true
  },
  "minecraft:recipes/combat/bow": {
    "criteria": {
      "has_string": "2021-08-28 23:01:15 -0500"
    },
    "done": true
  },
  "minecraft:recipes/misc/firework_rocket_simple": {
    "criteria": {
      "has_gunpowder": "2021-08-28 23:06:37 -0500"
    },
    "done": true
  },
  "minecraft:recipes/redstone/tnt": {
    "criteria": {
      "has_gunpowder": "2021-08-28 23:06:37 -0500"
    },
    "done": true
  },
  "minecraft:recipes/building_blocks/white_wool_from_string": {
    "criteria": {
      "has_string": "2021-08-28 23:01:15 -0500"
    },
    "done": true
  },
  "minecraft:adventure/kill_a_mob": {
    "criteria": {
      "minecraft:spider": "2021-08-28 23:01:15 -0500"
    },
    "done": true
  },
  "minecraft:adventure/kill_all_mobs": {
    "criteria": {
      "minecraft:spider": "2021-08-28 23:01:15 -0500",
      "minecraft:creeper": "2021-08-28 23:06:36 -0500"
    },
    "done": false
  },
  "minecraft:recipes/combat/crossbow": {
    "criteria": {
      "has_string": "2021-08-28 23:01:15 -0500"
    },
    "done": true
  },
  "minecraft:recipes/decorations/loom": {
    "criteria": {
      "has_string": "2021-08-28 23:01:15 -0500"
    },
    "done": true
  },
  "minecraft:adventure/root": {
    "criteria": {
      "killed_something": "2021-08-28 23:01:15 -0500"
    },
    "done": true
  },
  "minecraft:recipes/redstone/tripwire_hook": {
    "criteria": {
      "has_string": "2021-08-28 23:01:15 -0500"
    },
    "done": true
  },
  "minecraft:adventure/adventuring_time": {
    "criteria": {
      "minecraft:cold_ocean": "2021-08-28 23:00:51 -0500",
      "minecraft:forest": "2021-08-28 22:59:27 -0500",
      "minecraft:deep_cold_ocean": "2021-08-28 23:00:48 -0500",
      "minecraft:beach": "2021-08-28 23:00:52 -0500",
      "minecraft:river": "2021-08-28 23:00:37 -0500",
      "minecraft:plains": "2021-08-28 23:00:53 -0500"
    },
    "done": false
  },
  "DataVersion": 2730
}