{
  "minecraft:recipes/tools/fishing_rod": {
    "criteria": {
      "has_string": "2022-08-19 00:59:56 -0500"
    },
    "done": true
  },
  "minecraft:recipes/decorations/candle": {
    "criteria": {
      "has_string": "2022-08-19 00:59:56 -0500"
    },
    "done": true
  },
  "minecraft:recipes/combat/bow": {
    "criteria": {
      "has_string": "2022-08-19 00:59:56 -0500"
    },
    "done": true
  },
  "minecraft:recipes/misc/firework_rocket_simple": {
    "criteria": {
      "has_gunpowder": "2022-08-19 00:59:56 -0500"
    },
    "done": true
  },
  "minecraft:recipes/redstone/tnt": {
    "criteria": {
      "has_gunpowder": "2022-08-19 00:59:56 -0500"
    },
    "done": true
  },
  "minecraft:recipes/building_blocks/white_wool_from_string": {
    "criteria": {
      "has_string": "2022-08-19 00:59:56 -0500"
    },
    "done": true
  },
  "minecraft:recipes/tools/clock": {
    "criteria": {
      "has_redstone": "2022-08-19 01:04:02 -0500"
    },
    "done": true
  },
  "minecraft:recipes/redstone/redstone_torch": {
    "criteria": {
      "has_redstone": "2022-08-19 01:04:02 -0500"
    },
    "done": true
  },
  "minecraft:recipes/tools/compass": {
    "criteria": {
      "has_redstone": "2022-08-19 01:04:02 -0500"
    },
    "done": true
  },
  "minecraft:recipes/redstone/note_block": {
    "criteria": {
      "has_redstone": "2022-08-19 01:04:02 -0500"
    },
    "done": true
  },
  "minecraft:recipes/combat/crossbow": {
    "criteria": {
      "has_string": "2022-08-19 00:59:56 -0500"
    },
    "done": true
  },
  "minecraft:recipes/redstone/dropper": {
    "criteria": {
      "has_redstone": "2022-08-19 01:04:02 -0500"
    },
    "done": true
  },
  "minecraft:recipes/redstone/redstone_block": {
    "criteria": {
      "has_redstone": "2022-08-19 01:04:02 -0500"
    },
    "done": true
  },
  "minecraft:recipes/decorations/loom": {
    "criteria": {
      "has_string": "2022-08-19 00:59:56 -0500"
    },
    "done": true
  },
  "minecraft:recipes/redstone/piston": {
    "criteria": {
      "has_redstone": "2022-08-19 01:04:02 -0500"
    },
    "done": true
  },
  "minecraft:recipes/redstone/target": {
    "criteria": {
      "has_redstone": "2022-08-19 01:04:02 -0500"
    },
    "done": true
  },
  "minecraft:recipes/redstone/tripwire_hook": {
    "criteria": {
      "has_string": "2022-08-19 00:59:56 -0500"
    },
    "done": true
  },
  "minecraft:adventure/adventuring_time": {
    "criteria": {
      "minecraft:deep_ocean": "2022-08-19 01:00:22 -0500",
      "minecraft:beach": "2022-08-19 01:00:18 -0500",
      "minecraft:river": "2022-08-19 01:00:48 -0500",
      "minecraft:cold_ocean": "2022-08-19 01:00:19 -0500",
      "minecraft:deep_cold_ocean": "2022-08-19 01:00:20 -0500",
      "minecraft:plains": "2022-08-19 01:00:05 -0500"
    },
    "done": false
  },
  "DataVersion": 3120
}