{"stats":{"minecraft:picked_up":{"minecraft:gunpowder":1,"minecraft:string":1},"minecraft:used":{"minecraft:stone_button":1},"minecraft:custom":{"minecraft:jump":9,"minecraft:time_since_rest":8307,"minecraft:damage_dealt":360,"minecraft:crouch_one_cm":63,"minecraft:leave_game":1,"minecraft:play_time":8307,"minecraft:time_since_death":8307,"minecraft:walk_one_cm":33343,"minecraft:sneak_time":69,"minecraft:total_world_time":8835,"minecraft:mob_kills":2,"minecraft:fly_one_cm":15803},"minecraft:killed":{"minecraft:spider":1,"minecraft:creeper":1}},"DataVersion":2730}